{
  "cv_scores": {
    "RandomForest": 0.8359901536372124,
    "ExtraTrees": 0.8515915457091927,
    "HistGB": 0.8320940497411087,
    "GradientBoosting": 0.8398692810457516,
    "SVC": 0.7877854171971819,
    "KNN": 0.7968593498005262,
    "MLP": 0.8372633902045667,
    "GaussianNB": 0.7422290128172481,
    "DecisionTree": 0.7799847211611918,
    "XGBoost": 0.8281724811136575,
    "CatBoost": 0.8438163144045496
  },
  "top": [
    "ExtraTrees",
    "CatBoost",
    "GradientBoosting",
    "MLP"
  ],
  "weights": [
    0.24999999974999998,
    0.24999999974999998,
    0.24999999974999998,
    0.24999999974999998
  ]
}